{"cameraMode":{"drawMode":0,"name":"Shaded","section":"Shading Mode"},"sceneLighting":false,"audioPlay":false,"sceneViewState":{"showFog":true,"showMaterialUpdate":false,"showSkybox":false,"showFlares":true,"showImageEffects":true,"showParticleSystems":true,"showVisualEffectGraphs":true,"m_FxEnabled":false},"in2DMode":false,"pivot":{"x":-0.11256790161132813,"y":-0.023784875869750978,"z":2.408461093902588},"rotation":{"x":-0.2852478623390198,"y":0.32121309638023379,"z":-0.10211282968521118,"w":-0.8972431421279907},"size":5.798990726470947,"orthographic":false}