{"cameraMode":{"drawMode":0,"name":"Shaded","section":"Shading Mode"},"sceneLighting":false,"audioPlay":false,"sceneViewState":{"showFog":true,"showMaterialUpdate":false,"showSkybox":true,"showFlares":true,"showImageEffects":true,"showParticleSystems":true,"showVisualEffectGraphs":true,"m_FxEnabled":false},"in2DMode":false,"pivot":{"x":13.264531135559082,"y":11.400218963623047,"z":1.5233516693115235},"rotation":{"x":-0.39151257276535036,"y":0.012681959196925164,"z":-0.005393891129642725,"w":-0.9200836420059204},"size":9.70882797241211,"orthographic":false}