{"cameraMode":{"drawMode":0,"name":"Shaded","section":"Shading Mode"},"sceneLighting":false,"audioPlay":false,"sceneViewState":{"showFog":true,"showMaterialUpdate":false,"showSkybox":true,"showFlares":true,"showImageEffects":true,"showParticleSystems":true,"showVisualEffectGraphs":true,"m_FxEnabled":false},"in2DMode":false,"pivot":{"x":16.039535522460939,"y":25.82322883605957,"z":10.542226791381836},"rotation":{"x":-0.1585613340139389,"y":-0.030818091705441476,"z":0.0049538444727659229,"w":-0.9868685603141785},"size":32.213993072509769,"orthographic":false}