{"cameraMode":{"drawMode":0,"name":"Shaded","section":"Shading Mode"},"sceneLighting":false,"audioPlay":false,"sceneViewState":{"showFog":true,"showMaterialUpdate":false,"showSkybox":false,"showFlares":true,"showImageEffects":true,"showParticleSystems":true,"showVisualEffectGraphs":true,"m_FxEnabled":false},"in2DMode":false,"pivot":{"x":-1.0265774726867676,"y":0.34758806228637698,"z":1.7182668447494507},"rotation":{"x":-0.25115618109703066,"y":-0.14426808059215547,"z":0.03788815438747406,"w":-0.9563924074172974},"size":7.7379045486450199,"orthographic":false}