{"cameraMode":{"drawMode":0,"name":"Shaded","section":"Shading Mode"},"sceneLighting":false,"audioPlay":false,"sceneViewState":{"showFog":true,"showMaterialUpdate":false,"showSkybox":false,"showFlares":true,"showImageEffects":true,"showParticleSystems":true,"showVisualEffectGraphs":true,"m_FxEnabled":false},"in2DMode":false,"pivot":{"x":-12.604958534240723,"y":32.229530334472659,"z":19.829185485839845},"rotation":{"x":-0.027899643406271936,"y":-0.9640229940414429,"z":0.23929689824581147,"w":-0.11240792274475098},"size":6.983371257781982,"orthographic":false}